url_id,url,status,product_name,variants,error
TONES-PROD-URL-0001,https://www.tonesfashion.com/products/daily-tees-black-copy,SUCCESS,Daily Tees - black,5,
TONES-PROD-URL-0002,https://www.tonesfashion.com/products/daily-tees-orange,SUCCESS,Daily Tees - orange,5,
TONES-PROD-URL-0003,https://www.tonesfashion.com/products/tones-original-black,SUCCESS,Tones Original - Black,5,
TONES-PROD-URL-0004,https://www.tonesfashion.com/products/chaotic-good-pink-1,SUCCESS,Chaotic Good - Pink - C5,5,
TONES-PROD-URL-0005,https://www.tonesfashion.com/products/round-neck-slim-fit-tee-navy-blue-copy,SUCCESS,Round Neck Slim Fit Tee - White,5,
TONES-PROD-URL-0006,https://www.tonesfashion.com/products/round-neck-slim-fit-tee-white-copy,SUCCESS,Round Neck Slim Fit Tee – Grey,5,
TONES-PROD-URL-0007,https://www.tonesfashion.com/products/elivated-basics-oversized,SUCCESS,Elevated Basics - Relaxed - Beige Color,4,
TONES-PROD-URL-0008,https://www.tonesfashion.com/products/elevated-basics-oversized-copy,SUCCESS,Elevated Basics - Relaxed - Black Color,4,
TONES-PROD-URL-0009,https://www.tonesfashion.com/products/elevated-basics-oversized-copy-copy,SUCCESS,Elevated Basics - Relaxed - White Color,4,
TONES-PROD-URL-0010,https://www.tonesfashion.com/products/storm-weaver-relaxed-fit-coffee-beige,SUCCESS,STORM WEAVER  OVERSIZED TEE - COFEE BEIGE,5,
TONES-PROD-URL-0011,https://www.tonesfashion.com/products/predator-tee-relaxed-fit-white,FAILED,,0,curl: (22) The requested URL returned error: 404
TONES-PROD-URL-0012,https://www.tonesfashion.com/products/predator-tee-relaxed-fit-green,SUCCESS,PREDATOR OVERSIZED TEE - GREEN,5,
TONES-PROD-URL-0013,https://www.tonesfashion.com/products/anti-perfect-tee-cofee-beige,SUCCESS,ANTI-PERFECT OVERSIZED TEE - COFEE BEIGE,4,
TONES-PROD-URL-0014,https://www.tonesfashion.com/products/tones-embroidery-cap-brown,SUCCESS,Tones Embroidery Cap - Brown,0,
TONES-PROD-URL-0015,https://www.tonesfashion.com/products/maroon-satin-shirt,SUCCESS,Maroon Satin Shirt,5,
TONES-PROD-URL-0016,https://www.tonesfashion.com/products/electric-blue-satin-shirt,SUCCESS,Electric Blue Satin Shirt,5,
TONES-PROD-URL-0017,https://www.tonesfashion.com/products/cream-chinos,SUCCESS,Cream Chinos,5,
TONES-PROD-URL-0018,https://www.tonesfashion.com/products/beige-flannel-shirt-copy,FAILED,,0,curl: (22) The requested URL returned error: 404
TONES-PROD-URL-0019,https://www.tonesfashion.com/products/red-drip-sweatshirt,SUCCESS,Red Drip Sweatshirt,4,
TONES-PROD-URL-0020,https://www.tonesfashion.com/products/blue-drip-sweatshirt-copy,SUCCESS,Blue Drip Sweatshirt,4,
TONES-PROD-URL-0021,https://www.tonesfashion.com/products/urban-drfit-green,FAILED,,0,curl: (22) The requested URL returned error: 404
TONES-PROD-URL-0022,https://www.tonesfashion.com/products/gods-master-piece-white-copy,SUCCESS,GOD'S MASTER PIECE GREEN,4,
TONES-PROD-URL-0023,https://www.tonesfashion.com/products/grey-chions,SUCCESS,GREY CHINOS,5,
TONES-PROD-URL-0024,https://www.tonesfashion.com/products/dark-brown-chions,SUCCESS,DARK BROWN CHINOS,5,
TONES-PROD-URL-0025,https://www.tonesfashion.com/products/olive-green-chions,SUCCESS,OLIVE GREEN CHINOS,5,
TONES-PROD-URL-0026,https://www.tonesfashion.com/products/jute-light-blue-shirt,SUCCESS,JUTE- LIGHT BLUE SHIRT,5,
TONES-PROD-URL-0027,https://www.tonesfashion.com/products/jute-grey-shirt,SUCCESS,JUTE- GREY SHIRT,5,
TONES-PROD-URL-0028,https://www.tonesfashion.com/products/textured-brown-shirt,SUCCESS,DOBBY- BROWN SHIRT,5,
TONES-PROD-URL-0029,https://www.tonesfashion.com/products/double-pocket-black-shirt,SUCCESS,Black - Double Pocket Shirt,5,
TONES-PROD-URL-0030,https://www.tonesfashion.com/products/double-pocket-off-white-shirt,FAILED,,0,curl: (22) The requested URL returned error: 404
TONES-PROD-URL-0031,https://www.tonesfashion.com/products/dobby-burnt-orange-shirt,SUCCESS,DOBBY BURNT ORANGE SHIRT,5,
TONES-PROD-URL-0032,https://www.tonesfashion.com/products/white-bloom-shirt,SUCCESS,WHITE - BLOOM SHIRT,5,
TONES-PROD-URL-0033,https://www.tonesfashion.com/products/sage-rayon,SUCCESS,SAGE CUBAN - SHIRT,5,
TONES-PROD-URL-0034,https://www.tonesfashion.com/products/tropic-rayon,SUCCESS,TROPIC CUBAN - SHIRRT,5,
TONES-PROD-URL-0035,https://www.tonesfashion.com/products/marine-rayon,SUCCESS,MARINE CUBAN - SHIRT,5,
TONES-PROD-URL-0036,https://www.tonesfashion.com/products/karma-jet-black-shirt,SUCCESS,Karma - Jet Black shirt,5,
TONES-PROD-URL-0037,https://www.tonesfashion.com/products/karma-white-shirt,SUCCESS,Karma - White shirt,5,
TONES-PROD-URL-0038,https://www.tonesfashion.com/products/round-neck-slim-fit-tee-charcoal,SUCCESS,Round Neck Slim Fit Tee - Charcoal Black,5,
TONES-PROD-URL-0039,https://www.tonesfashion.com/products/round-neck-slim-fit-tee-charcoal-copy,SUCCESS,Round Neck Slim Fit Tee - Green,5,
TONES-PROD-URL-0040,https://www.tonesfashion.com/products/round-neck-slim-fit-tee-brown,SUCCESS,Round Neck Slim Fit Tee - Brown,5,
TONES-PROD-URL-0041,https://www.tonesfashion.com/products/3-t-shirt-combo,SUCCESS,3 T-shirt Combo,5,
TONES-PROD-URL-0042,https://www.tonesfashion.com/products/brown-checks-flanel,SUCCESS,Brown Checks Flannel,5,
TONES-PROD-URL-0043,https://www.tonesfashion.com/products/blue-checks-flanel,SUCCESS,Blue Checks Flannel,5,
TONES-PROD-URL-0044,https://www.tonesfashion.com/products/dark-blue-checks-flanel,SUCCESS,Dark Blue Checks Flannel,5,
TONES-PROD-URL-0045,https://www.tonesfashion.com/products/grey-checks-flanel,SUCCESS,Grey Checks Flannel,5,
TONES-PROD-URL-0046,https://www.tonesfashion.com/products/black-flannel-double-pocket-shirt,SUCCESS,BLACK DOUBLE POCKET FLANNEL   SHIRT,5,
TONES-PROD-URL-0047,https://www.tonesfashion.com/products/charcoal-grey-flannel-double-pocket-shirt,SUCCESS,CHARCOAL GREY  DOUBLE POCKET FLANNEL  SHIRT,5,
TONES-PROD-URL-0048,https://www.tonesfashion.com/products/grey-double-pocket-shacket,SUCCESS,GREY DOUBLE POCKET FLANNEL SHACKET,5,
TONES-PROD-URL-0049,https://www.tonesfashion.com/products/brown-double-pocket-shacket,SUCCESS,BROWN DOUBLE POCKET FLANNEL SHACKET,5,
TONES-PROD-URL-0050,https://www.tonesfashion.com/products/maroon-double-pocket-shirt,SUCCESS,MAROON DOUBLE POCKET FLANNEL SHIRT,5,
TONES-PROD-URL-0051,https://www.tonesfashion.com/products/cream-short-kurta-copy,SUCCESS,Tusker Trails  Powder Blue Short Kurta,5,
TONES-PROD-URL-0052,https://www.tonesfashion.com/products/tusker-tails-soft-cream-short-kurta,SUCCESS,Tusker Trails  Soft Cream Short Kurta,5,
TONES-PROD-URL-0053,https://www.tonesfashion.com/products/scenic-still-ness-butter-yellow-short-kurta,SUCCESS,Scenic Stillness Butter Yellow Short Kurta,5,
TONES-PROD-URL-0054,https://www.tonesfashion.com/products/petal-trays-teal-blue-short-kurta,SUCCESS,Petal Trace Teal Blue Short Kurta,5,
TONES-PROD-URL-0055,https://www.tonesfashion.com/products/petal-trays-charcoal-green-short-kurta,SUCCESS,Petal Trace Charcoal Green Short Kurta,5,
TONES-PROD-URL-0056,https://www.tonesfashion.com/products/scenic-still-ness-sage-green-1,SUCCESS,Scenic Stillness Sage Green Short Kurta,5,
TONES-PROD-URL-0057,https://www.tonesfashion.com/products/grey-cargo,SUCCESS,Grey Cargo,6,
TONES-PROD-URL-0058,https://www.tonesfashion.com/products/olive-green-cargos,SUCCESS,Olive Green Cargo,6,
TONES-PROD-URL-0059,https://www.tonesfashion.com/products/navy-blue-courdury-shacket,SUCCESS,Navy Blue Corduroy Shacket,5,
TONES-PROD-URL-0060,https://www.tonesfashion.com/products/maroon-courdry-shacket-copy,SUCCESS,Mustard Corduroy Shacket,5,
TONES-PROD-URL-0061,https://www.tonesfashion.com/products/acid-wash-muscle-tee,SUCCESS,ACID WASH MUSCLE TEE,5,
TONES-PROD-URL-0062,https://www.tonesfashion.com/products/ivory-sand-modal-shirt,SUCCESS,Ivory Sand - Modal Shirt,5,
TONES-PROD-URL-0063,https://www.tonesfashion.com/products/rustic-brown-acid-wash-t-shirt,SUCCESS,Brown Acid Wash Ringer T-Shirt,5,
TONES-PROD-URL-0064,https://www.tonesfashion.com/products/navy-blue-acid-wash-t-shirt-1,SUCCESS,Red Acid Wash Ringer T-Shirt,5,
TONES-PROD-URL-0065,https://www.tonesfashion.com/products/navy-blue-acid-wash-t-shirt-2,SUCCESS,Navy Blue Acid Wash Ringer T-Shirt,5,
TONES-PROD-URL-0066,https://www.tonesfashion.com/products/soft-white-satin-shirt,SUCCESS,Soft White - Satin Shirt,5,
TONES-PROD-URL-0067,https://www.tonesfashion.com/products/soft-white-satin-shirt-copy,SUCCESS,Light Blue - Satin Shirt,5,
TONES-PROD-URL-0068,https://www.tonesfashion.com/products/burgundy-satin-shirt,SUCCESS,Burgundy - Satin Shirt,5,
TONES-PROD-URL-0069,https://www.tonesfashion.com/products/navy-blue-shirt,SUCCESS,Navy Blue - Satin Shirt,5,
TONES-PROD-URL-0070,https://www.tonesfashion.com/products/jet-black-shirt,SUCCESS,Jet Black - Satin Shirt,5,
TONES-PROD-URL-0071,https://www.tonesfashion.com/products/the-alpha-oversized-tee,SUCCESS,The Alpha - Oversized Tee,5,
TONES-PROD-URL-0072,https://www.tonesfashion.com/products/the-alpha-oversized-tee-copy,SUCCESS,The Final Act - Oversized Tee,5,
TONES-PROD-URL-0073,https://www.tonesfashion.com/products/the-final-act-oversized-tee-copy,SUCCESS,Created To Create - Oversized Tee,5,
TONES-PROD-URL-0074,https://www.tonesfashion.com/products/jet-black-satin-shirt-copy,SUCCESS,Soft Lavender - Gauze Cotton Shirt,5,
TONES-PROD-URL-0075,https://www.tonesfashion.com/products/mustard-gauze-cotton-shirt,SUCCESS,Mustard - Gauze Cotton Shirt,5,
TONES-PROD-URL-0076,https://www.tonesfashion.com/products/muted-peach-gauze-cotton-shirt,SUCCESS,Muted  Peach - Gauze Cotton Shirt,5,
TONES-PROD-URL-0077,https://www.tonesfashion.com/products/deep-sage-gauze-cotton-shirt,SUCCESS,Deep Sage - Gauze Cotton Shirt,5,
TONES-PROD-URL-0078,https://www.tonesfashion.com/products/deep-sage-gauze-cotton-shirt-copy,SUCCESS,Blue Oxford Shirt,5,
TONES-PROD-URL-0079,https://www.tonesfashion.com/products/blue-oxford-shirt-copy,SUCCESS,Sage Oxford Shirt,5,
TONES-PROD-URL-0080,https://www.tonesfashion.com/products/yellow-oxford-shirt,SUCCESS,Yellow Oxford Shirt,5,
TONES-PROD-URL-0081,https://www.tonesfashion.com/products/pink-oxford-shirt,SUCCESS,Pink Oxford Shirt,5,
