collection_id,products_count,all_products_count,products_size,source_file
TONES-COL-0001,0,0,0,01_RAW_DATA\collections_html\TONES-COL-0001.html
TONES-COL-0002,1,1,1,01_RAW_DATA\collections_html\TONES-COL-0002.html
TONES-COL-0003,3,3,3,01_RAW_DATA\collections_html\TONES-COL-0003.html
TONES-COL-0004,4,4,4,01_RAW_DATA\collections_html\TONES-COL-0004.html
TONES-COL-0005,0,0,0,01_RAW_DATA\collections_html\TONES-COL-0005.html
TONES-COL-0006,0,0,0,01_RAW_DATA\collections_html\TONES-COL-0006.html
TONES-COL-0007,6,6,6,01_RAW_DATA\collections_html\TONES-COL-0007.html
TONES-COL-0008,1,1,1,01_RAW_DATA\collections_html\TONES-COL-0008.html
TONES-COL-0009,6,6,6,01_RAW_DATA\collections_html\TONES-COL-0009.html
TONES-COL-0010,0,0,0,01_RAW_DATA\collections_html\TONES-COL-0010.html
TONES-COL-0011,0,0,0,01_RAW_DATA\collections_html\TONES-COL-0011.html
TONES-COL-0012,2,2,2,01_RAW_DATA\collections_html\TONES-COL-0012.html
TONES-COL-0013,5,5,5,01_RAW_DATA\collections_html\TONES-COL-0013.html
TONES-COL-0014,0,0,0,01_RAW_DATA\collections_html\TONES-COL-0014.html
TONES-COL-0015,0,0,0,01_RAW_DATA\collections_html\TONES-COL-0015.html
TONES-COL-0016,0,0,0,01_RAW_DATA\collections_html\TONES-COL-0016.html
TONES-COL-0017,0,0,0,01_RAW_DATA\collections_html\TONES-COL-0017.html
TONES-COL-0018,21,21,21,01_RAW_DATA\collections_html\TONES-COL-0018.html
TONES-COL-0019,0,0,0,01_RAW_DATA\collections_html\TONES-COL-0019.html
TONES-COL-0020,0,0,0,01_RAW_DATA\collections_html\TONES-COL-0020.html
TONES-COL-0021,0,0,0,01_RAW_DATA\collections_html\TONES-COL-0021.html
TONES-COL-0022,0,0,0,01_RAW_DATA\collections_html\TONES-COL-0022.html
TONES-COL-0023,8,8,8,01_RAW_DATA\collections_html\TONES-COL-0023.html
TONES-COL-0024,6,6,6,01_RAW_DATA\collections_html\TONES-COL-0024.html
TONES-COL-0025,0,0,0,01_RAW_DATA\collections_html\TONES-COL-0025.html
TONES-COL-0026,0,0,0,01_RAW_DATA\collections_html\TONES-COL-0026.html
TONES-COL-0027,14,14,14,01_RAW_DATA\collections_html\TONES-COL-0027.html
TONES-COL-0028,1,1,1,01_RAW_DATA\collections_html\TONES-COL-0028.html
TONES-COL-0029,8,8,8,01_RAW_DATA\collections_html\TONES-COL-0029.html
TONES-COL-0030,2,2,2,01_RAW_DATA\collections_html\TONES-COL-0030.html
TONES-COL-0031,0,0,0,01_RAW_DATA\collections_html\TONES-COL-0031.html
TONES-COL-0032,1,1,1,01_RAW_DATA\collections_html\TONES-COL-0032.html
TONES-COL-0033,0,0,0,01_RAW_DATA\collections_html\TONES-COL-0033.html
TONES-COL-0034,2,2,2,01_RAW_DATA\collections_html\TONES-COL-0034.html
TONES-COL-0035,0,0,0,01_RAW_DATA\collections_html\TONES-COL-0035.html
TONES-COL-0036,2,2,2,01_RAW_DATA\collections_html\TONES-COL-0036.html
TONES-COL-0037,0,0,0,01_RAW_DATA\collections_html\TONES-COL-0037.html
TONES-COL-0038,0,0,0,01_RAW_DATA\collections_html\TONES-COL-0038.html
TONES-COL-0039,0,0,0,01_RAW_DATA\collections_html\TONES-COL-0039.html
TONES-COL-0040,0,0,0,01_RAW_DATA\collections_html\TONES-COL-0040.html
TONES-COL-0041,0,0,0,01_RAW_DATA\collections_html\TONES-COL-0041.html
TONES-COL-0042,0,0,0,01_RAW_DATA\collections_html\TONES-COL-0042.html
TONES-COL-0043,6,6,6,01_RAW_DATA\collections_html\TONES-COL-0043.html
TONES-COL-0044,4,4,4,01_RAW_DATA\collections_html\TONES-COL-0044.html
TONES-COL-0045,0,0,0,01_RAW_DATA\collections_html\TONES-COL-0045.html
TONES-COL-0046,0,0,0,01_RAW_DATA\collections_html\TONES-COL-0046.html
TONES-COL-0047,0,0,0,01_RAW_DATA\collections_html\TONES-COL-0047.html
TONES-COL-0048,0,0,0,01_RAW_DATA\collections_html\TONES-COL-0048.html
TONES-COL-0049,0,0,0,01_RAW_DATA\collections_html\TONES-COL-0049.html
TONES-COL-0050,0,0,0,01_RAW_DATA\collections_html\TONES-COL-0050.html
TONES-COL-0051,1,1,1,01_RAW_DATA\collections_html\TONES-COL-0051.html
TONES-COL-0052,0,0,0,01_RAW_DATA\collections_html\TONES-COL-0052.html
TONES-COL-0053,1,1,1,01_RAW_DATA\collections_html\TONES-COL-0053.html
TONES-COL-0054,38,38,24,01_RAW_DATA\collections_html\TONES-COL-0054.html
TONES-COL-0055,26,26,24,01_RAW_DATA\collections_html\TONES-COL-0055.html
TONES-COL-0056,19,19,19,01_RAW_DATA\collections_html\TONES-COL-0056.html
TONES-COL-0057,5,5,5,01_RAW_DATA\collections_html\TONES-COL-0057.html
TONES-COL-0058,0,0,0,01_RAW_DATA\collections_html\TONES-COL-0058.html
TONES-COL-0059,0,0,0,01_RAW_DATA\collections_html\TONES-COL-0059.html
TONES-COL-0060,0,0,0,01_RAW_DATA\collections_html\TONES-COL-0060.html
TONES-COL-0061,0,0,0,01_RAW_DATA\collections_html\TONES-COL-0061.html
TONES-COL-0062,0,0,0,01_RAW_DATA\collections_html\TONES-COL-0062.html
TONES-COL-0063,0,0,0,01_RAW_DATA\collections_html\TONES-COL-0063.html
TONES-COL-0064,1,1,1,01_RAW_DATA\collections_html\TONES-COL-0064.html
TONES-COL-0065,22,22,22,01_RAW_DATA\collections_html\TONES-COL-0065.html
TONES-COL-0066,44,44,24,01_RAW_DATA\collections_html\TONES-COL-0066.html
TONES-COL-0067,33,33,24,01_RAW_DATA\collections_html\TONES-COL-0067.html
TONES-COL-0068,6,6,6,01_RAW_DATA\collections_html\TONES-COL-0068.html
TONES-COL-0069,6,6,6,01_RAW_DATA\collections_html\TONES-COL-0069.html
TONES-COL-0070,1,1,1,01_RAW_DATA\collections_html\TONES-COL-0070.html
TONES-COL-0071,5,5,5,01_RAW_DATA\collections_html\TONES-COL-0071.html
TONES-COL-0072,0,0,0,01_RAW_DATA\collections_html\TONES-COL-0072.html
TONES-COL-0073,0,0,0,01_RAW_DATA\collections_html\TONES-COL-0073.html
TONES-COL-0074,21,21,21,01_RAW_DATA\collections_html\TONES-COL-0074.html
TONES-COL-0075,1,1,1,01_RAW_DATA\collections_html\TONES-COL-0075.html
TONES-COL-0076,16,16,16,01_RAW_DATA\collections_html\TONES-COL-0076.html
TONES-COL-0077,0,0,0,01_RAW_DATA\collections_html\TONES-COL-0077.html
TONES-COL-0078,0,0,0,01_RAW_DATA\collections_html\TONES-COL-0078.html
TONES-COL-0079,0,0,0,01_RAW_DATA\collections_html\TONES-COL-0079.html
TONES-COL-0080,68,68,24,01_RAW_DATA\collections_html\TONES-COL-0080.html
TONES-COL-0081,1,1,1,01_RAW_DATA\collections_html\TONES-COL-0081.html
TONES-COL-0082,5,5,5,01_RAW_DATA\collections_html\TONES-COL-0082.html
TONES-COL-0083,4,4,4,01_RAW_DATA\collections_html\TONES-COL-0083.html
TONES-COL-0084,3,3,3,01_RAW_DATA\collections_html\TONES-COL-0084.html
TONES-COL-0085,0,0,0,01_RAW_DATA\collections_html\TONES-COL-0085.html
TONES-COL-0086,0,0,0,01_RAW_DATA\collections_html\TONES-COL-0086.html
TONES-COL-0087,0,0,0,01_RAW_DATA\collections_html\TONES-COL-0087.html
TONES-COL-0088,0,0,0,01_RAW_DATA\collections_html\TONES-COL-0088.html
TONES-COL-0089,0,0,0,01_RAW_DATA\collections_html\TONES-COL-0089.html
TONES-COL-0090,13,13,13,01_RAW_DATA\collections_html\TONES-COL-0090.html
TONES-COL-0091,26,26,24,01_RAW_DATA\collections_html\TONES-COL-0091.html
TONES-COL-0092,3,3,3,01_RAW_DATA\collections_html\TONES-COL-0092.html
TONES-COL-0093,0,0,0,01_RAW_DATA\collections_html\TONES-COL-0093.html
TONES-COL-0094,2,2,2,01_RAW_DATA\collections_html\TONES-COL-0094.html
