source_collection_id,product_handle,product_id,variant_id,collection_ids
TONES-COL-0002,tones-embroidery-cap-brown,10751687983297,49337387385025,474649919681|490862379201|293150261441|491823464641
TONES-COL-0003,navy-blue-acid-wash-t-shirt-2,11027260997825,50427320860865,490551181505|471435739329|470701048001|293003460801|485747097793|474547093697|284518547649|491823464641|487623786689
TONES-COL-0003,navy-blue-acid-wash-t-shirt-1,11027260408001,50427315257537,490551181505|471435739329|470701048001|293003460801|485747097793|474547093697|284518547649|491823464641|487623786689
TONES-COL-0003,rustic-brown-acid-wash-t-shirt,11027259588801,50427312111809,490551181505|471435739329|470701048001|293003460801|485747097793|474547093697|284518547649|491823464641|489800040641|487623786689
TONES-COL-0004,chaotic-good-pink-1,10582331523265,48697839583425,479397216449|475043758273|474423492801|479542378689|491823464641|474531004609|293299388609|477701308609
TONES-COL-0004,round-neck-slim-fit-tee-white-copy,10705727258817,49201863295169,479397216449|292796661953|474547093697|284518547649|491823464641|489800040641|479232426177|487623786689|474531004609
TONES-COL-0004,round-neck-slim-fit-tee-navy-blue-copy,10705722310849,49201868865729,479397216449|292796661953|474547093697|284518547649|491823464641|489800040641|479232426177|487623786689|474531004609
TONES-COL-0004,daily-tees-orange,10481367548097,48436801831105,479397216449|471435739329|491823464641|489800040641|487623786689|474531004609|293299388609
TONES-COL-0007,brown-double-pocket-shacket,10852506468545,49663564611777,479128486081|486469140673|293003460801|485747097793|490862379201|288566313153|284518514881|483538763969|491823464641
TONES-COL-0007,grey-double-pocket-shacket,10852506435777,49663563104449,479128486081|486469140673|293003460801|485747097793|490862379201|288566313153|284518514881|483538763969|491823464641
TONES-COL-0007,charcoal-grey-flannel-double-pocket-shirt,10852506239169,49663562481857,479128486081|486469140673|293003460801|490862379201|288566313153|284518514881|483538763969|491823464641
TONES-COL-0007,black-flannel-double-pocket-shirt,10852506075329,49663559205057,479128486081|486469140673|293003460801|288566313153|284518514881|483538763969|491823464641
TONES-COL-0007,navy-blue-courdury-shacket,10907446378689,49963381555393,479128486081|486469140673|293003460801|485747097793|288566313153|284518514881|483538763969|491823464641|487623786689
TONES-COL-0007,maroon-courdry-shacket-copy,10907453161665,49963396825281,479128486081|486469140673|293003460801|485747097793|288566313153|284518514881|483538763969|491823464641|487623786689
TONES-COL-0008,tones-original-black,10547296174273,48606816534721,479542378689|490862379201|473433669825|473433571521|474547093697|491823464641|474531004609|293299388609|477701308609|475876458689
TONES-COL-0009,olive-green-cargos,10897643536577,49934144078017,476140306625|473433604289|293003460801|485747097793|289775419585|491823464641
TONES-COL-0009,grey-cargo,10897638097089,49934133264577,476140306625|473433604289|293003460801|485747097793|289775419585|491823464641
TONES-COL-0009,olive-green-chions,10818355888321,49561664684225,476140306625|289775419585|491823464641
TONES-COL-0009,dark-brown-chions,10818352152769,49561659179201,476140306625|289775419585|490862379201|491823464641
TONES-COL-0009,grey-chions,10818332098753,49561631097025,476140306625|289775419585|490862379201|491823464641
TONES-COL-0009,cream-chinos,10770335203521,49400232050881,476140306625|491823464641
TONES-COL-0012,olive-green-cargos,10897643536577,49934144078017,476140306625|473433604289|293003460801|485747097793|289775419585|491823464641
TONES-COL-0012,grey-cargo,10897638097089,49934133264577,476140306625|473433604289|293003460801|485747097793|289775419585|491823464641
TONES-COL-0013,burgundy-satin-shirt,11040949436609,50484129530049,491790762177|293003460801|485747097793|288566313153|284518514881|483538763969|491823464641|491332731073
TONES-COL-0013,soft-white-satin-shirt,11040948256961,50484126744769,491790762177|293003460801|485747097793|288566313153|284518514881|483538763969|491823464641|491332731073
TONES-COL-0013,soft-white-satin-shirt-copy,11040948879553,50484128284865,491790762177|293003460801|485747097793|288566313153|284518514881|483538763969|491823464641|491332731073
TONES-COL-0013,navy-blue-shirt,11040950124737,50484131266753,491790762177|293003460801|485747097793|288566313153|284518514881|483538763969|491823464641|491332731073
TONES-COL-0013,jet-black-shirt,11040950452417,50484132675777,491790762177|293003460801|485747097793|288566313153|284518514881|483538763969|491823464641|491332731073
TONES-COL-0018,acid-wash-muscle-tee,10984163705025,50255244099777,492303712449|293003460801|474547093697|284518547649|491823464641|487623786689|474531004609
TONES-COL-0018,anti-perfect-tee-cofee-beige,10751466766529,49337383190721,474547093697|491823464641|489800040641|487623786689|474531004609
TONES-COL-0018,storm-weaver-relaxed-fit-coffee-beige,10751062704321,49337392464065,474547093697|491823464641|489800040641|487623786689|474531004609
TONES-COL-0018,3-t-shirt-combo,10835797606593,49616978477249,474547093697|284518547649|489800040641|487623786689|474531004609
TONES-COL-0018,round-neck-slim-fit-tee-brown,10835786858689,49616970809537,474547093697|284518547649|491823464641|489800040641|487623786689|474531004609
TONES-COL-0018,round-neck-slim-fit-tee-charcoal-copy,10835786006721,49616968548545,474547093697|284518547649|491823464641|489800040641|487623786689|474531004609
TONES-COL-0018,round-neck-slim-fit-tee-charcoal,10835785744577,49616967893185,474547093697|284518547649|491823464641|489800040641|487623786689|474531004609
TONES-COL-0018,gods-master-piece-white-copy,10814172692673,49547127521473,490862379201|474547093697|491823464641|489800040641|487623786689|474531004609
TONES-COL-0018,predator-tee-relaxed-fit-green,10751065522369,49337391513793,474547093697|491823464641|489800040641|487623786689|474531004609
TONES-COL-0018,elevated-basics-oversized-copy-copy,10746909589697,49324716523713,474547093697|284518547649|491823464641|479232426177|487623786689|474531004609
TONES-COL-0018,elevated-basics-oversized-copy,10746907852993,49324720586945,474547093697|284518547649|491823464641|479232426177|487623786689|474531004609
TONES-COL-0018,elivated-basics-oversized,10746495533249,49324723339457,474547093697|284518547649|491823464641|479232426177|487623786689|474531004609
TONES-COL-0018,round-neck-slim-fit-tee-white-copy,10705727258817,49201863295169,479397216449|292796661953|474547093697|284518547649|491823464641|489800040641|479232426177|487623786689|474531004609
TONES-COL-0018,round-neck-slim-fit-tee-navy-blue-copy,10705722310849,49201868865729,479397216449|292796661953|474547093697|284518547649|491823464641|489800040641|479232426177|487623786689|474531004609
TONES-COL-0018,chaotic-good-pink-1,10582331523265,48697839583425,479397216449|475043758273|474423492801|479542378689|491823464641|474531004609|293299388609|477701308609
TONES-COL-0018,tones-original-black,10547296174273,48606816534721,479542378689|490862379201|473433669825|473433571521|474547093697|491823464641|474531004609|293299388609|477701308609|475876458689
TONES-COL-0018,daily-tees-orange,10481367548097,48436801831105,479397216449|471435739329|491823464641|489800040641|487623786689|474531004609|293299388609
TONES-COL-0018,daily-tees-black-copy,10481366139073,48436795506881,471435739329|491823464641|489800040641|487623786689|474531004609
TONES-COL-0018,the-alpha-oversized-tee,11051699667137,50525600710849,471435739329|470701048001|483744415937|293003460801|485747097793|474547093697|284518547649|491823464641|491635343553|474531004609
TONES-COL-0018,the-alpha-oversized-tee-copy,11051705925825,50525615587521,471435739329|470701048001|483744415937|293003460801|485747097793|474547093697|284518547649|491823464641|491635343553|474531004609
TONES-COL-0018,the-final-act-oversized-tee-copy,11051711365313,50525626335425,471435739329|470701048001|483744415937|293003460801|485747097793|474547093697|284518547649|491823464641|491635343553|474531004609
TONES-COL-0023,daily-tees-orange,10481367548097,48436801831105,479397216449|471435739329|491823464641|489800040641|487623786689|474531004609|293299388609
TONES-COL-0023,the-final-act-oversized-tee-copy,11051711365313,50525626335425,471435739329|470701048001|483744415937|293003460801|485747097793|474547093697|284518547649|491823464641|491635343553|474531004609
TONES-COL-0023,daily-tees-black-copy,10481366139073,48436795506881,471435739329|491823464641|489800040641|487623786689|474531004609
TONES-COL-0023,the-alpha-oversized-tee,11051699667137,50525600710849,471435739329|470701048001|483744415937|293003460801|485747097793|474547093697|284518547649|491823464641|491635343553|474531004609
TONES-COL-0023,the-alpha-oversized-tee-copy,11051705925825,50525615587521,471435739329|470701048001|483744415937|293003460801|485747097793|474547093697|284518547649|491823464641|491635343553|474531004609
TONES-COL-0023,navy-blue-acid-wash-t-shirt-2,11027260997825,50427320860865,490551181505|471435739329|470701048001|293003460801|485747097793|474547093697|284518547649|491823464641|487623786689
TONES-COL-0023,navy-blue-acid-wash-t-shirt-1,11027260408001,50427315257537,490551181505|471435739329|470701048001|293003460801|485747097793|474547093697|284518547649|491823464641|487623786689
TONES-COL-0023,rustic-brown-acid-wash-t-shirt,11027259588801,50427312111809,490551181505|471435739329|470701048001|293003460801|485747097793|474547093697|284518547649|491823464641|489800040641|487623786689
TONES-COL-0024,rustic-brown-acid-wash-t-shirt,11027259588801,50427312111809,490551181505|471435739329|470701048001|293003460801|485747097793|474547093697|284518547649|491823464641|489800040641|487623786689
TONES-COL-0024,navy-blue-acid-wash-t-shirt-1,11027260408001,50427315257537,490551181505|471435739329|470701048001|293003460801|485747097793|474547093697|284518547649|491823464641|487623786689
TONES-COL-0024,navy-blue-acid-wash-t-shirt-2,11027260997825,50427320860865,490551181505|471435739329|470701048001|293003460801|485747097793|474547093697|284518547649|491823464641|487623786689
TONES-COL-0024,the-alpha-oversized-tee,11051699667137,50525600710849,471435739329|470701048001|483744415937|293003460801|485747097793|474547093697|284518547649|491823464641|491635343553|474531004609
TONES-COL-0024,the-alpha-oversized-tee-copy,11051705925825,50525615587521,471435739329|470701048001|483744415937|293003460801|485747097793|474547093697|284518547649|491823464641|491635343553|474531004609
TONES-COL-0024,the-final-act-oversized-tee-copy,11051711365313,50525626335425,471435739329|470701048001|483744415937|293003460801|485747097793|474547093697|284518547649|491823464641|491635343553|474531004609
TONES-COL-0027,scenic-still-ness-sage-green-1,10881197867201,49880939561153,483744415937|485820989633|290105786561|284518514881|284518645953|491823464641
TONES-COL-0027,petal-trays-charcoal-green-short-kurta,10881197572289,49880937562305,483744415937|485820989633|290105786561|284518514881|284518645953|491823464641
TONES-COL-0027,petal-trays-teal-blue-short-kurta,10881143406785,49880655659201,483744415937|485820989633|290105786561|284518514881|284518645953|491823464641
TONES-COL-0027,scenic-still-ness-butter-yellow-short-kurta,10881142653121,49880653594817,483744415937|485820989633|290105786561|284518514881|284518645953|491823464641
TONES-COL-0027,tusker-tails-soft-cream-short-kurta,10881142292673,49880653037761,483744415937|485820989633|290105786561|284518514881|284518645953|491823464641
TONES-COL-0027,cream-short-kurta-copy,10881141833921,49880652054721,483744415937|485820989633|290105786561|284518514881|284518645953|491823464641
TONES-COL-0027,karma-white-shirt,10829637124289,49601271922881,483744415937|293003460801|284518514881|483538763969|491823464641
TONES-COL-0027,karma-jet-black-shirt,10829636960449,49601271005377,483744415937|293003460801|284518514881|483538763969|491823464641
TONES-COL-0027,white-bloom-shirt,10826100211905,49581698482369,483744415937|293003460801|490862379201|284518514881|491823464641|487623786689
TONES-COL-0027,blue-drip-sweatshirt-copy,10802333286593,49513368715457,483744415937|482946384065|490862379201|491823464641
TONES-COL-0027,red-drip-sweatshirt,10802333221057,49513367863489,483744415937|482946384065|490862379201|491823464641
TONES-COL-0027,the-alpha-oversized-tee,11051699667137,50525600710849,471435739329|470701048001|483744415937|293003460801|485747097793|474547093697|284518547649|491823464641|491635343553|474531004609
TONES-COL-0027,the-alpha-oversized-tee-copy,11051705925825,50525615587521,471435739329|470701048001|483744415937|293003460801|485747097793|474547093697|284518547649|491823464641|491635343553|474531004609
TONES-COL-0027,the-final-act-oversized-tee-copy,11051711365313,50525626335425,471435739329|470701048001|483744415937|293003460801|485747097793|474547093697|284518547649|491823464641|491635343553|474531004609
TONES-COL-0028,chaotic-good-pink-1,10582331523265,48697839583425,479397216449|475043758273|474423492801|479542378689|491823464641|474531004609|293299388609|477701308609
TONES-COL-0029,navy-blue-courdury-shacket,10907446378689,49963381555393,479128486081|486469140673|293003460801|485747097793|288566313153|284518514881|483538763969|491823464641|487623786689
TONES-COL-0029,maroon-courdry-shacket-copy,10907453161665,49963396825281,479128486081|486469140673|293003460801|485747097793|288566313153|284518514881|483538763969|491823464641|487623786689
TONES-COL-0029,blue-checks-flanel,10848594067649,49648515088577,486469140673|293003460801|490862379201|284518514881|483538763969|491823464641
TONES-COL-0029,dark-blue-checks-flanel,10848595542209,49648543170753,486469140673|293003460801|490862379201|284518514881|483538763969|491823464641
TONES-COL-0029,brown-double-pocket-shacket,10852506468545,49663564611777,479128486081|486469140673|293003460801|485747097793|490862379201|288566313153|284518514881|483538763969|491823464641
TONES-COL-0029,charcoal-grey-flannel-double-pocket-shirt,10852506239169,49663562481857,479128486081|486469140673|293003460801|490862379201|288566313153|284518514881|483538763969|491823464641
TONES-COL-0029,black-flannel-double-pocket-shirt,10852506075329,49663559205057,479128486081|486469140673|293003460801|288566313153|284518514881|483538763969|491823464641
TONES-COL-0029,grey-double-pocket-shacket,10852506435777,49663563104449,479128486081|486469140673|293003460801|485747097793|490862379201|288566313153|284518514881|483538763969|491823464641
TONES-COL-0030,red-drip-sweatshirt,10802333221057,49513367863489,483744415937|482946384065|490862379201|491823464641
TONES-COL-0030,blue-drip-sweatshirt-copy,10802333286593,49513368715457,483744415937|482946384065|490862379201|491823464641
TONES-COL-0032,chaotic-good-pink-1,10582331523265,48697839583425,479397216449|475043758273|474423492801|479542378689|491823464641|474531004609|293299388609|477701308609
TONES-COL-0034,round-neck-slim-fit-tee-navy-blue-copy,10705722310849,49201868865729,479397216449|292796661953|474547093697|284518547649|491823464641|489800040641|479232426177|487623786689|474531004609
TONES-COL-0034,round-neck-slim-fit-tee-white-copy,10705727258817,49201863295169,479397216449|292796661953|474547093697|284518547649|491823464641|489800040641|479232426177|487623786689|474531004609
TONES-COL-0036,chaotic-good-pink-1,10582331523265,48697839583425,479397216449|475043758273|474423492801|479542378689|491823464641|474531004609|293299388609|477701308609
TONES-COL-0036,tones-original-black,10547296174273,48606816534721,479542378689|490862379201|473433669825|473433571521|474547093697|491823464641|474531004609|293299388609|477701308609|475876458689
TONES-COL-0043,petal-trays-charcoal-green-short-kurta,10881197572289,49880937562305,483744415937|485820989633|290105786561|284518514881|284518645953|491823464641
TONES-COL-0043,scenic-still-ness-sage-green-1,10881197867201,49880939561153,483744415937|485820989633|290105786561|284518514881|284518645953|491823464641
TONES-COL-0043,petal-trays-teal-blue-short-kurta,10881143406785,49880655659201,483744415937|485820989633|290105786561|284518514881|284518645953|491823464641
TONES-COL-0043,scenic-still-ness-butter-yellow-short-kurta,10881142653121,49880653594817,483744415937|485820989633|290105786561|284518514881|284518645953|491823464641
TONES-COL-0043,tusker-tails-soft-cream-short-kurta,10881142292673,49880653037761,483744415937|485820989633|290105786561|284518514881|284518645953|491823464641
TONES-COL-0043,cream-short-kurta-copy,10881141833921,49880652054721,483744415937|485820989633|290105786561|284518514881|284518645953|491823464641
TONES-COL-0044,deep-sage-gauze-cotton-shirt,11058097160385,50586274922689,491790434497|293003460801|485747097793|288566313153|284518514881|483538763969
TONES-COL-0044,mustard-gauze-cotton-shirt,11058096734401,50546894307521,491790434497|293003460801|485747097793|288566313153|284518514881|483538763969
TONES-COL-0044,jet-black-satin-shirt-copy,11058090246337,50546882117825,491790434497|293003460801|485747097793|288566313153|284518514881|483538763969
TONES-COL-0044,muted-peach-gauze-cotton-shirt,11058096898241,50546894602433,491790434497|293003460801|485747097793|288566313153|284518514881|483538763969
TONES-COL-0051,ivory-sand-modal-shirt,11012841373889,50382586740929,489879994561|293003460801|485747097793|284518514881|483538763969|491823464641|489910337729|487623786689
TONES-COL-0053,acid-wash-muscle-tee,10984163705025,50255244099777,492303712449|293003460801|474547093697|284518547649|491823464641|487623786689|474531004609
TONES-COL-0054,deep-sage-gauze-cotton-shirt,11058097160385,50586274922689,491790434497|293003460801|485747097793|288566313153|284518514881|483538763969
TONES-COL-0054,jet-black-satin-shirt-copy,11058090246337,50546882117825,491790434497|293003460801|485747097793|288566313153|284518514881|483538763969
TONES-COL-0054,mustard-gauze-cotton-shirt,11058096734401,50546894307521,491790434497|293003460801|485747097793|288566313153|284518514881|483538763969
TONES-COL-0054,muted-peach-gauze-cotton-shirt,11058096898241,50546894602433,491790434497|293003460801|485747097793|288566313153|284518514881|483538763969
TONES-COL-0054,the-alpha-oversized-tee,11051699667137,50525600710849,471435739329|470701048001|483744415937|293003460801|485747097793|474547093697|284518547649|491823464641|491635343553|474531004609
TONES-COL-0054,the-alpha-oversized-tee-copy,11051705925825,50525615587521,471435739329|470701048001|483744415937|293003460801|485747097793|474547093697|284518547649|491823464641|491635343553|474531004609
TONES-COL-0054,the-final-act-oversized-tee-copy,11051711365313,50525626335425,471435739329|470701048001|483744415937|293003460801|485747097793|474547093697|284518547649|491823464641|491635343553|474531004609
TONES-COL-0054,jet-black-shirt,11040950452417,50484132675777,491790762177|293003460801|485747097793|288566313153|284518514881|483538763969|491823464641|491332731073
TONES-COL-0054,navy-blue-shirt,11040950124737,50484131266753,491790762177|293003460801|485747097793|288566313153|284518514881|483538763969|491823464641|491332731073
TONES-COL-0054,burgundy-satin-shirt,11040949436609,50484129530049,491790762177|293003460801|485747097793|288566313153|284518514881|483538763969|491823464641|491332731073
TONES-COL-0054,soft-white-satin-shirt-copy,11040948879553,50484128284865,491790762177|293003460801|485747097793|288566313153|284518514881|483538763969|491823464641|491332731073
TONES-COL-0054,soft-white-satin-shirt,11040948256961,50484126744769,491790762177|293003460801|485747097793|288566313153|284518514881|483538763969|491823464641|491332731073
TONES-COL-0054,navy-blue-acid-wash-t-shirt-2,11027260997825,50427320860865,490551181505|471435739329|470701048001|293003460801|485747097793|474547093697|284518547649|491823464641|487623786689
TONES-COL-0054,navy-blue-acid-wash-t-shirt-1,11027260408001,50427315257537,490551181505|471435739329|470701048001|293003460801|485747097793|474547093697|284518547649|491823464641|487623786689
TONES-COL-0054,rustic-brown-acid-wash-t-shirt,11027259588801,50427312111809,490551181505|471435739329|470701048001|293003460801|485747097793|474547093697|284518547649|491823464641|489800040641|487623786689
TONES-COL-0054,ivory-sand-modal-shirt,11012841373889,50382586740929,489879994561|293003460801|485747097793|284518514881|483538763969|491823464641|489910337729|487623786689
TONES-COL-0054,acid-wash-muscle-tee,10984163705025,50255244099777,492303712449|293003460801|474547093697|284518547649|491823464641|487623786689|474531004609
TONES-COL-0054,maroon-courdry-shacket-copy,10907453161665,49963396825281,479128486081|486469140673|293003460801|485747097793|288566313153|284518514881|483538763969|491823464641|487623786689
TONES-COL-0054,navy-blue-courdury-shacket,10907446378689,49963381555393,479128486081|486469140673|293003460801|485747097793|288566313153|284518514881|483538763969|491823464641|487623786689
TONES-COL-0054,olive-green-cargos,10897643536577,49934144078017,476140306625|473433604289|293003460801|485747097793|289775419585|491823464641
TONES-COL-0054,grey-cargo,10897638097089,49934133264577,476140306625|473433604289|293003460801|485747097793|289775419585|491823464641
TONES-COL-0054,maroon-double-pocket-shirt,10852507680961,49663569920193,293003460801|288566313153|284518514881|483538763969|491823464641
TONES-COL-0054,brown-double-pocket-shacket,10852506468545,49663564611777,479128486081|486469140673|293003460801|485747097793|490862379201|288566313153|284518514881|483538763969|491823464641
TONES-COL-0054,grey-double-pocket-shacket,10852506435777,49663563104449,479128486081|486469140673|293003460801|485747097793|490862379201|288566313153|284518514881|483538763969|491823464641
TONES-COL-0054,charcoal-grey-flannel-double-pocket-shirt,10852506239169,49663562481857,479128486081|486469140673|293003460801|490862379201|288566313153|284518514881|483538763969|491823464641
TONES-COL-0054,black-flannel-double-pocket-shirt,10852506075329,49663559205057,479128486081|486469140673|293003460801|288566313153|284518514881|483538763969|491823464641
TONES-COL-0054,dark-blue-checks-flanel,10848595542209,49648543170753,486469140673|293003460801|490862379201|284518514881|483538763969|491823464641
TONES-COL-0054,blue-checks-flanel,10848594067649,49648515088577,486469140673|293003460801|490862379201|284518514881|483538763969|491823464641
TONES-COL-0054,karma-white-shirt,10829637124289,49601271922881,483744415937|293003460801|284518514881|483538763969|491823464641
TONES-COL-0054,karma-jet-black-shirt,10829636960449,49601271005377,483744415937|293003460801|284518514881|483538763969|491823464641
TONES-COL-0054,marine-rayon,10826103390401,49581717422273,293003460801|284518514881|483538763969|491823464641|487623786689
TONES-COL-0054,tropic-rayon,10826102374593,49581711032513,293003460801|284518514881|483538763969|491823464641|487623786689
TONES-COL-0054,sage-rayon,10826100539585,49581700153537,293003460801|284518514881|483538763969|491823464641|487623786689
TONES-COL-0054,white-bloom-shirt,10826100211905,49581698482369,483744415937|293003460801|490862379201|284518514881|491823464641|487623786689
TONES-COL-0054,deep-sage-gauze-cotton-shirt-copy,11079219511489,50606631518401,293003460801|485747097793|288566313153|284518514881|483538763969|492225069249
TONES-COL-0054,blue-oxford-shirt-copy,11079247167681,50606710227137,293003460801|485747097793|288566313153|284518514881|483538763969|492225069249
TONES-COL-0054,yellow-oxford-shirt,11079248609473,50606712094913,293003460801|485747097793|288566313153|284518514881|483538763969|492225069249
TONES-COL-0054,pink-oxford-shirt,11079248969921,50606712914113,293003460801|485747097793|288566313153|284518514881|483538763969|492225069249
TONES-COL-0055,rustic-brown-acid-wash-t-shirt,11027259588801,50427312111809,490551181505|471435739329|470701048001|293003460801|485747097793|474547093697|284518547649|491823464641|489800040641|487623786689
TONES-COL-0055,navy-blue-acid-wash-t-shirt-1,11027260408001,50427315257537,490551181505|471435739329|470701048001|293003460801|485747097793|474547093697|284518547649|491823464641|487623786689
TONES-COL-0055,navy-blue-acid-wash-t-shirt-2,11027260997825,50427320860865,490551181505|471435739329|470701048001|293003460801|485747097793|474547093697|284518547649|491823464641|487623786689
TONES-COL-0055,brown-double-pocket-shacket,10852506468545,49663564611777,479128486081|486469140673|293003460801|485747097793|490862379201|288566313153|284518514881|483538763969|491823464641
TONES-COL-0055,grey-double-pocket-shacket,10852506435777,49663563104449,479128486081|486469140673|293003460801|485747097793|490862379201|288566313153|284518514881|483538763969|491823464641
TONES-COL-0055,grey-cargo,10897638097089,49934133264577,476140306625|473433604289|293003460801|485747097793|289775419585|491823464641
TONES-COL-0055,olive-green-cargos,10897643536577,49934144078017,476140306625|473433604289|293003460801|485747097793|289775419585|491823464641
TONES-COL-0055,navy-blue-courdury-shacket,10907446378689,49963381555393,479128486081|486469140673|293003460801|485747097793|288566313153|284518514881|483538763969|491823464641|487623786689
TONES-COL-0055,maroon-courdry-shacket-copy,10907453161665,49963396825281,479128486081|486469140673|293003460801|485747097793|288566313153|284518514881|483538763969|491823464641|487623786689
TONES-COL-0055,soft-white-satin-shirt,11040948256961,50484126744769,491790762177|293003460801|485747097793|288566313153|284518514881|483538763969|491823464641|491332731073
TONES-COL-0055,soft-white-satin-shirt-copy,11040948879553,50484128284865,491790762177|293003460801|485747097793|288566313153|284518514881|483538763969|491823464641|491332731073
TONES-COL-0055,burgundy-satin-shirt,11040949436609,50484129530049,491790762177|293003460801|485747097793|288566313153|284518514881|483538763969|491823464641|491332731073
TONES-COL-0055,navy-blue-shirt,11040950124737,50484131266753,491790762177|293003460801|485747097793|288566313153|284518514881|483538763969|491823464641|491332731073
TONES-COL-0055,jet-black-shirt,11040950452417,50484132675777,491790762177|293003460801|485747097793|288566313153|284518514881|483538763969|491823464641|491332731073
TONES-COL-0055,ivory-sand-modal-shirt,11012841373889,50382586740929,489879994561|293003460801|485747097793|284518514881|483538763969|491823464641|489910337729|487623786689
TONES-COL-0055,the-alpha-oversized-tee,11051699667137,50525600710849,471435739329|470701048001|483744415937|293003460801|485747097793|474547093697|284518547649|491823464641|491635343553|474531004609
TONES-COL-0055,the-alpha-oversized-tee-copy,11051705925825,50525615587521,471435739329|470701048001|483744415937|293003460801|485747097793|474547093697|284518547649|491823464641|491635343553|474531004609
TONES-COL-0055,the-final-act-oversized-tee-copy,11051711365313,50525626335425,471435739329|470701048001|483744415937|293003460801|485747097793|474547093697|284518547649|491823464641|491635343553|474531004609
TONES-COL-0055,jet-black-satin-shirt-copy,11058090246337,50546882117825,491790434497|293003460801|485747097793|288566313153|284518514881|483538763969
TONES-COL-0055,mustard-gauze-cotton-shirt,11058096734401,50546894307521,491790434497|293003460801|485747097793|288566313153|284518514881|483538763969
TONES-COL-0055,muted-peach-gauze-cotton-shirt,11058096898241,50546894602433,491790434497|293003460801|485747097793|288566313153|284518514881|483538763969
TONES-COL-0055,deep-sage-gauze-cotton-shirt,11058097160385,50586274922689,491790434497|293003460801|485747097793|288566313153|284518514881|483538763969
TONES-COL-0055,deep-sage-gauze-cotton-shirt-copy,11079219511489,50606631518401,293003460801|485747097793|288566313153|284518514881|483538763969|492225069249
TONES-COL-0055,blue-oxford-shirt-copy,11079247167681,50606710227137,293003460801|485747097793|288566313153|284518514881|483538763969|492225069249
TONES-COL-0055,yellow-oxford-shirt,11079248609473,50606712094913,293003460801|485747097793|288566313153|284518514881|483538763969|492225069249
TONES-COL-0055,pink-oxford-shirt,11079248969921,50606712914113,293003460801|485747097793|288566313153|284518514881|483538763969|492225069249
TONES-COL-0056,gods-master-piece-white-copy,10814172692673,49547127521473,490862379201|474547093697|491823464641|489800040641|487623786689|474531004609
TONES-COL-0056,tones-embroidery-cap-brown,10751687983297,49337387385025,474649919681|490862379201|293150261441|491823464641
TONES-COL-0056,maroon-satin-shirt,10763722424513,49378837659841,490862379201|284518514881|483538763969|491823464641
TONES-COL-0056,white-bloom-shirt,10826100211905,49581698482369,483744415937|293003460801|490862379201|284518514881|491823464641|487623786689
TONES-COL-0056,red-drip-sweatshirt,10802333221057,49513367863489,483744415937|482946384065|490862379201|491823464641
TONES-COL-0056,electric-blue-satin-shirt,10763723374785,49378839331009,490862379201|284518514881|483538763969|491823464641
TONES-COL-0056,grey-chions,10818332098753,49561631097025,476140306625|289775419585|490862379201|491823464641
TONES-COL-0056,tones-original-black,10547296174273,48606816534721,479542378689|490862379201|473433669825|473433571521|474547093697|491823464641|474531004609|293299388609|477701308609|475876458689
TONES-COL-0056,dark-brown-chions,10818352152769,49561659179201,476140306625|289775419585|490862379201|491823464641
TONES-COL-0056,blue-checks-flanel,10848594067649,49648515088577,486469140673|293003460801|490862379201|284518514881|483538763969|491823464641
TONES-COL-0056,blue-drip-sweatshirt-copy,10802333286593,49513368715457,483744415937|482946384065|490862379201|491823464641
TONES-COL-0056,brown-double-pocket-shacket,10852506468545,49663564611777,479128486081|486469140673|293003460801|485747097793|490862379201|288566313153|284518514881|483538763969|491823464641
TONES-COL-0056,dark-blue-checks-flanel,10848595542209,49648543170753,486469140673|293003460801|490862379201|284518514881|483538763969|491823464641
TONES-COL-0056,grey-checks-flanel,10848605995201,49648585900225,490862379201|284518514881|483538763969|491823464641
TONES-COL-0056,charcoal-grey-flannel-double-pocket-shirt,10852506239169,49663562481857,479128486081|486469140673|293003460801|490862379201|288566313153|284518514881|483538763969|491823464641
TONES-COL-0056,dobby-burnt-orange-shirt,10820070703297,49565835624641,490862379201|284518514881|483538763969|491823464641
TONES-COL-0056,grey-double-pocket-shacket,10852506435777,49663563104449,479128486081|486469140673|293003460801|485747097793|490862379201|288566313153|284518514881|483538763969|491823464641
TONES-COL-0056,double-pocket-black-shirt,10820022599873,49565735747777,490862379201|284518514881|491823464641
TONES-COL-0056,brown-checks-flanel,10848593543361,49648509157569,490862379201|284518514881|483538763969|491823464641
TONES-COL-0057,grey-chions,10818332098753,49561631097025,476140306625|289775419585|490862379201|491823464641
TONES-COL-0057,dark-brown-chions,10818352152769,49561659179201,476140306625|289775419585|490862379201|491823464641
TONES-COL-0057,olive-green-chions,10818355888321,49561664684225,476140306625|289775419585|491823464641
TONES-COL-0057,grey-cargo,10897638097089,49934133264577,476140306625|473433604289|293003460801|485747097793|289775419585|491823464641
TONES-COL-0057,olive-green-cargos,10897643536577,49934144078017,476140306625|473433604289|293003460801|485747097793|289775419585|491823464641
TONES-COL-0064,tones-embroidery-cap-brown,10751687983297,49337387385025,474649919681|490862379201|293150261441|491823464641
TONES-COL-0065,pink-oxford-shirt,11079248969921,50606712914113,293003460801|485747097793|288566313153|284518514881|483538763969|492225069249
TONES-COL-0065,yellow-oxford-shirt,11079248609473,50606712094913,293003460801|485747097793|288566313153|284518514881|483538763969|492225069249
TONES-COL-0065,blue-oxford-shirt-copy,11079247167681,50606710227137,293003460801|485747097793|288566313153|284518514881|483538763969|492225069249
TONES-COL-0065,deep-sage-gauze-cotton-shirt-copy,11079219511489,50606631518401,293003460801|485747097793|288566313153|284518514881|483538763969|492225069249
TONES-COL-0065,deep-sage-gauze-cotton-shirt,11058097160385,50586274922689,491790434497|293003460801|485747097793|288566313153|284518514881|483538763969
TONES-COL-0065,muted-peach-gauze-cotton-shirt,11058096898241,50546894602433,491790434497|293003460801|485747097793|288566313153|284518514881|483538763969
TONES-COL-0065,mustard-gauze-cotton-shirt,11058096734401,50546894307521,491790434497|293003460801|485747097793|288566313153|284518514881|483538763969
TONES-COL-0065,jet-black-satin-shirt-copy,11058090246337,50546882117825,491790434497|293003460801|485747097793|288566313153|284518514881|483538763969
TONES-COL-0065,jet-black-shirt,11040950452417,50484132675777,491790762177|293003460801|485747097793|288566313153|284518514881|483538763969|491823464641|491332731073
TONES-COL-0065,navy-blue-shirt,11040950124737,50484131266753,491790762177|293003460801|485747097793|288566313153|284518514881|483538763969|491823464641|491332731073
TONES-COL-0065,burgundy-satin-shirt,11040949436609,50484129530049,491790762177|293003460801|485747097793|288566313153|284518514881|483538763969|491823464641|491332731073
TONES-COL-0065,soft-white-satin-shirt-copy,11040948879553,50484128284865,491790762177|293003460801|485747097793|288566313153|284518514881|483538763969|491823464641|491332731073
TONES-COL-0065,soft-white-satin-shirt,11040948256961,50484126744769,491790762177|293003460801|485747097793|288566313153|284518514881|483538763969|491823464641|491332731073
TONES-COL-0065,maroon-courdry-shacket-copy,10907453161665,49963396825281,479128486081|486469140673|293003460801|485747097793|288566313153|284518514881|483538763969|491823464641|487623786689
TONES-COL-0065,navy-blue-courdury-shacket,10907446378689,49963381555393,479128486081|486469140673|293003460801|485747097793|288566313153|284518514881|483538763969|491823464641|487623786689
TONES-COL-0065,maroon-double-pocket-shirt,10852507680961,49663569920193,293003460801|288566313153|284518514881|483538763969|491823464641
TONES-COL-0065,brown-double-pocket-shacket,10852506468545,49663564611777,479128486081|486469140673|293003460801|485747097793|490862379201|288566313153|284518514881|483538763969|491823464641
TONES-COL-0065,grey-double-pocket-shacket,10852506435777,49663563104449,479128486081|486469140673|293003460801|485747097793|490862379201|288566313153|284518514881|483538763969|491823464641
TONES-COL-0065,charcoal-grey-flannel-double-pocket-shirt,10852506239169,49663562481857,479128486081|486469140673|293003460801|490862379201|288566313153|284518514881|483538763969|491823464641
TONES-COL-0065,black-flannel-double-pocket-shirt,10852506075329,49663559205057,479128486081|486469140673|293003460801|288566313153|284518514881|483538763969|491823464641
TONES-COL-0065,textured-brown-shirt,10819286991041,49563563753665,288566313153|284518514881|491823464641
TONES-COL-0065,jute-light-blue-shirt,10819253240001,49563525087425,288566313153|284518514881|491823464641
TONES-COL-0066,jet-black-shirt,11040950452417,50484132675777,491790762177|293003460801|485747097793|288566313153|284518514881|483538763969|491823464641|491332731073
TONES-COL-0066,navy-blue-shirt,11040950124737,50484131266753,491790762177|293003460801|485747097793|288566313153|284518514881|483538763969|491823464641|491332731073
TONES-COL-0066,burgundy-satin-shirt,11040949436609,50484129530049,491790762177|293003460801|485747097793|288566313153|284518514881|483538763969|491823464641|491332731073
TONES-COL-0066,soft-white-satin-shirt-copy,11040948879553,50484128284865,491790762177|293003460801|485747097793|288566313153|284518514881|483538763969|491823464641|491332731073
TONES-COL-0066,soft-white-satin-shirt,11040948256961,50484126744769,491790762177|293003460801|485747097793|288566313153|284518514881|483538763969|491823464641|491332731073
TONES-COL-0066,ivory-sand-modal-shirt,11012841373889,50382586740929,489879994561|293003460801|485747097793|284518514881|483538763969|491823464641|489910337729|487623786689
TONES-COL-0066,maroon-courdry-shacket-copy,10907453161665,49963396825281,479128486081|486469140673|293003460801|485747097793|288566313153|284518514881|483538763969|491823464641|487623786689
TONES-COL-0066,navy-blue-courdury-shacket,10907446378689,49963381555393,479128486081|486469140673|293003460801|485747097793|288566313153|284518514881|483538763969|491823464641|487623786689
TONES-COL-0066,scenic-still-ness-sage-green-1,10881197867201,49880939561153,483744415937|485820989633|290105786561|284518514881|284518645953|491823464641
TONES-COL-0066,petal-trays-charcoal-green-short-kurta,10881197572289,49880937562305,483744415937|485820989633|290105786561|284518514881|284518645953|491823464641
TONES-COL-0066,petal-trays-teal-blue-short-kurta,10881143406785,49880655659201,483744415937|485820989633|290105786561|284518514881|284518645953|491823464641
TONES-COL-0066,scenic-still-ness-butter-yellow-short-kurta,10881142653121,49880653594817,483744415937|485820989633|290105786561|284518514881|284518645953|491823464641
TONES-COL-0066,tusker-tails-soft-cream-short-kurta,10881142292673,49880653037761,483744415937|485820989633|290105786561|284518514881|284518645953|491823464641
TONES-COL-0066,cream-short-kurta-copy,10881141833921,49880652054721,483744415937|485820989633|290105786561|284518514881|284518645953|491823464641
TONES-COL-0066,maroon-double-pocket-shirt,10852507680961,49663569920193,293003460801|288566313153|284518514881|483538763969|491823464641
TONES-COL-0066,brown-double-pocket-shacket,10852506468545,49663564611777,479128486081|486469140673|293003460801|485747097793|490862379201|288566313153|284518514881|483538763969|491823464641
TONES-COL-0066,grey-double-pocket-shacket,10852506435777,49663563104449,479128486081|486469140673|293003460801|485747097793|490862379201|288566313153|284518514881|483538763969|491823464641
TONES-COL-0066,charcoal-grey-flannel-double-pocket-shirt,10852506239169,49663562481857,479128486081|486469140673|293003460801|490862379201|288566313153|284518514881|483538763969|491823464641
TONES-COL-0066,black-flannel-double-pocket-shirt,10852506075329,49663559205057,479128486081|486469140673|293003460801|288566313153|284518514881|483538763969|491823464641
TONES-COL-0066,grey-checks-flanel,10848605995201,49648585900225,490862379201|284518514881|483538763969|491823464641
TONES-COL-0066,dark-blue-checks-flanel,10848595542209,49648543170753,486469140673|293003460801|490862379201|284518514881|483538763969|491823464641
TONES-COL-0066,blue-checks-flanel,10848594067649,49648515088577,486469140673|293003460801|490862379201|284518514881|483538763969|491823464641
TONES-COL-0066,brown-checks-flanel,10848593543361,49648509157569,490862379201|284518514881|483538763969|491823464641
TONES-COL-0066,karma-white-shirt,10829637124289,49601271922881,483744415937|293003460801|284518514881|483538763969|491823464641
TONES-COL-0066,karma-jet-black-shirt,10829636960449,49601271005377,483744415937|293003460801|284518514881|483538763969|491823464641
TONES-COL-0066,marine-rayon,10826103390401,49581717422273,293003460801|284518514881|483538763969|491823464641|487623786689
TONES-COL-0066,tropic-rayon,10826102374593,49581711032513,293003460801|284518514881|483538763969|491823464641|487623786689
TONES-COL-0066,sage-rayon,10826100539585,49581700153537,293003460801|284518514881|483538763969|491823464641|487623786689
TONES-COL-0066,white-bloom-shirt,10826100211905,49581698482369,483744415937|293003460801|490862379201|284518514881|491823464641|487623786689
TONES-COL-0066,dobby-burnt-orange-shirt,10820070703297,49565835624641,490862379201|284518514881|483538763969|491823464641
TONES-COL-0066,double-pocket-black-shirt,10820022599873,49565735747777,490862379201|284518514881|491823464641
TONES-COL-0066,textured-brown-shirt,10819286991041,49563563753665,288566313153|284518514881|491823464641
TONES-COL-0066,jute-grey-shirt,10819253895361,49563526299841,284518514881|491823464641
TONES-COL-0066,jute-light-blue-shirt,10819253240001,49563525087425,288566313153|284518514881|491823464641
TONES-COL-0066,electric-blue-satin-shirt,10763723374785,49378839331009,490862379201|284518514881|483538763969|491823464641
TONES-COL-0066,maroon-satin-shirt,10763722424513,49378837659841,490862379201|284518514881|483538763969|491823464641
TONES-COL-0066,jet-black-satin-shirt-copy,11058090246337,50546882117825,491790434497|293003460801|485747097793|288566313153|284518514881|483538763969
TONES-COL-0066,mustard-gauze-cotton-shirt,11058096734401,50546894307521,491790434497|293003460801|485747097793|288566313153|284518514881|483538763969
TONES-COL-0066,muted-peach-gauze-cotton-shirt,11058096898241,50546894602433,491790434497|293003460801|485747097793|288566313153|284518514881|483538763969
TONES-COL-0066,deep-sage-gauze-cotton-shirt,11058097160385,50586274922689,491790434497|293003460801|485747097793|288566313153|284518514881|483538763969
TONES-COL-0066,deep-sage-gauze-cotton-shirt-copy,11079219511489,50606631518401,293003460801|485747097793|288566313153|284518514881|483538763969|492225069249
TONES-COL-0066,blue-oxford-shirt-copy,11079247167681,50606710227137,293003460801|485747097793|288566313153|284518514881|483538763969|492225069249
TONES-COL-0066,yellow-oxford-shirt,11079248609473,50606712094913,293003460801|485747097793|288566313153|284518514881|483538763969|492225069249
TONES-COL-0066,pink-oxford-shirt,11079248969921,50606712914113,293003460801|485747097793|288566313153|284518514881|483538763969|492225069249
TONES-COL-0067,jet-black-satin-shirt-copy,11058090246337,50546882117825,491790434497|293003460801|485747097793|288566313153|284518514881|483538763969
TONES-COL-0067,mustard-gauze-cotton-shirt,11058096734401,50546894307521,491790434497|293003460801|485747097793|288566313153|284518514881|483538763969
TONES-COL-0067,muted-peach-gauze-cotton-shirt,11058096898241,50546894602433,491790434497|293003460801|485747097793|288566313153|284518514881|483538763969
TONES-COL-0067,deep-sage-gauze-cotton-shirt,11058097160385,50586274922689,491790434497|293003460801|485747097793|288566313153|284518514881|483538763969
TONES-COL-0067,jet-black-shirt,11040950452417,50484132675777,491790762177|293003460801|485747097793|288566313153|284518514881|483538763969|491823464641|491332731073
TONES-COL-0067,navy-blue-shirt,11040950124737,50484131266753,491790762177|293003460801|485747097793|288566313153|284518514881|483538763969|491823464641|491332731073
TONES-COL-0067,burgundy-satin-shirt,11040949436609,50484129530049,491790762177|293003460801|485747097793|288566313153|284518514881|483538763969|491823464641|491332731073
TONES-COL-0067,soft-white-satin-shirt-copy,11040948879553,50484128284865,491790762177|293003460801|485747097793|288566313153|284518514881|483538763969|491823464641|491332731073
TONES-COL-0067,soft-white-satin-shirt,11040948256961,50484126744769,491790762177|293003460801|485747097793|288566313153|284518514881|483538763969|491823464641|491332731073
TONES-COL-0067,ivory-sand-modal-shirt,11012841373889,50382586740929,489879994561|293003460801|485747097793|284518514881|483538763969|491823464641|489910337729|487623786689
TONES-COL-0067,maroon-courdry-shacket-copy,10907453161665,49963396825281,479128486081|486469140673|293003460801|485747097793|288566313153|284518514881|483538763969|491823464641|487623786689
TONES-COL-0067,navy-blue-courdury-shacket,10907446378689,49963381555393,479128486081|486469140673|293003460801|485747097793|288566313153|284518514881|483538763969|491823464641|487623786689
TONES-COL-0067,maroon-double-pocket-shirt,10852507680961,49663569920193,293003460801|288566313153|284518514881|483538763969|491823464641
TONES-COL-0067,brown-double-pocket-shacket,10852506468545,49663564611777,479128486081|486469140673|293003460801|485747097793|490862379201|288566313153|284518514881|483538763969|491823464641
TONES-COL-0067,grey-double-pocket-shacket,10852506435777,49663563104449,479128486081|486469140673|293003460801|485747097793|490862379201|288566313153|284518514881|483538763969|491823464641
TONES-COL-0067,charcoal-grey-flannel-double-pocket-shirt,10852506239169,49663562481857,479128486081|486469140673|293003460801|490862379201|288566313153|284518514881|483538763969|491823464641
TONES-COL-0067,black-flannel-double-pocket-shirt,10852506075329,49663559205057,479128486081|486469140673|293003460801|288566313153|284518514881|483538763969|491823464641
TONES-COL-0067,grey-checks-flanel,10848605995201,49648585900225,490862379201|284518514881|483538763969|491823464641
TONES-COL-0067,dark-blue-checks-flanel,10848595542209,49648543170753,486469140673|293003460801|490862379201|284518514881|483538763969|491823464641
TONES-COL-0067,blue-checks-flanel,10848594067649,49648515088577,486469140673|293003460801|490862379201|284518514881|483538763969|491823464641
TONES-COL-0067,brown-checks-flanel,10848593543361,49648509157569,490862379201|284518514881|483538763969|491823464641
TONES-COL-0067,karma-white-shirt,10829637124289,49601271922881,483744415937|293003460801|284518514881|483538763969|491823464641
TONES-COL-0067,karma-jet-black-shirt,10829636960449,49601271005377,483744415937|293003460801|284518514881|483538763969|491823464641
TONES-COL-0067,marine-rayon,10826103390401,49581717422273,293003460801|284518514881|483538763969|491823464641|487623786689
TONES-COL-0067,tropic-rayon,10826102374593,49581711032513,293003460801|284518514881|483538763969|491823464641|487623786689
TONES-COL-0067,sage-rayon,10826100539585,49581700153537,293003460801|284518514881|483538763969|491823464641|487623786689
TONES-COL-0067,dobby-burnt-orange-shirt,10820070703297,49565835624641,490862379201|284518514881|483538763969|491823464641
TONES-COL-0067,electric-blue-satin-shirt,10763723374785,49378839331009,490862379201|284518514881|483538763969|491823464641
TONES-COL-0067,maroon-satin-shirt,10763722424513,49378837659841,490862379201|284518514881|483538763969|491823464641
TONES-COL-0067,deep-sage-gauze-cotton-shirt-copy,11079219511489,50606631518401,293003460801|485747097793|288566313153|284518514881|483538763969|492225069249
TONES-COL-0067,blue-oxford-shirt-copy,11079247167681,50606710227137,293003460801|485747097793|288566313153|284518514881|483538763969|492225069249
TONES-COL-0067,yellow-oxford-shirt,11079248609473,50606712094913,293003460801|485747097793|288566313153|284518514881|483538763969|492225069249
TONES-COL-0067,pink-oxford-shirt,11079248969921,50606712914113,293003460801|485747097793|288566313153|284518514881|483538763969|492225069249
TONES-COL-0068,petal-trays-teal-blue-short-kurta,10881143406785,49880655659201,483744415937|485820989633|290105786561|284518514881|284518645953|491823464641
TONES-COL-0068,tusker-tails-soft-cream-short-kurta,10881142292673,49880653037761,483744415937|485820989633|290105786561|284518514881|284518645953|491823464641
TONES-COL-0068,petal-trays-charcoal-green-short-kurta,10881197572289,49880937562305,483744415937|485820989633|290105786561|284518514881|284518645953|491823464641
TONES-COL-0068,scenic-still-ness-butter-yellow-short-kurta,10881142653121,49880653594817,483744415937|485820989633|290105786561|284518514881|284518645953|491823464641
TONES-COL-0068,cream-short-kurta-copy,10881141833921,49880652054721,483744415937|485820989633|290105786561|284518514881|284518645953|491823464641
TONES-COL-0068,scenic-still-ness-sage-green-1,10881197867201,49880939561153,483744415937|485820989633|290105786561|284518514881|284518645953|491823464641
TONES-COL-0069,scenic-still-ness-sage-green-1,10881197867201,49880939561153,483744415937|485820989633|290105786561|284518514881|284518645953|491823464641
TONES-COL-0069,petal-trays-charcoal-green-short-kurta,10881197572289,49880937562305,483744415937|485820989633|290105786561|284518514881|284518645953|491823464641
TONES-COL-0069,petal-trays-teal-blue-short-kurta,10881143406785,49880655659201,483744415937|485820989633|290105786561|284518514881|284518645953|491823464641
TONES-COL-0069,scenic-still-ness-butter-yellow-short-kurta,10881142653121,49880653594817,483744415937|485820989633|290105786561|284518514881|284518645953|491823464641
TONES-COL-0069,tusker-tails-soft-cream-short-kurta,10881142292673,49880653037761,483744415937|485820989633|290105786561|284518514881|284518645953|491823464641
TONES-COL-0069,cream-short-kurta-copy,10881141833921,49880652054721,483744415937|485820989633|290105786561|284518514881|284518645953|491823464641
TONES-COL-0070,tones-original-black,10547296174273,48606816534721,479542378689|490862379201|473433669825|473433571521|474547093697|491823464641|474531004609|293299388609|477701308609|475876458689
TONES-COL-0071,elivated-basics-oversized,10746495533249,49324723339457,474547093697|284518547649|491823464641|479232426177|487623786689|474531004609
TONES-COL-0071,elevated-basics-oversized-copy,10746907852993,49324720586945,474547093697|284518547649|491823464641|479232426177|487623786689|474531004609
TONES-COL-0071,elevated-basics-oversized-copy-copy,10746909589697,49324716523713,474547093697|284518547649|491823464641|479232426177|487623786689|474531004609
TONES-COL-0071,round-neck-slim-fit-tee-white-copy,10705727258817,49201863295169,479397216449|292796661953|474547093697|284518547649|491823464641|489800040641|479232426177|487623786689|474531004609
TONES-COL-0071,round-neck-slim-fit-tee-navy-blue-copy,10705722310849,49201868865729,479397216449|292796661953|474547093697|284518547649|491823464641|489800040641|479232426177|487623786689|474531004609
TONES-COL-0074,acid-wash-muscle-tee,10984163705025,50255244099777,492303712449|293003460801|474547093697|284518547649|491823464641|487623786689|474531004609
TONES-COL-0074,elivated-basics-oversized,10746495533249,49324723339457,474547093697|284518547649|491823464641|479232426177|487623786689|474531004609
TONES-COL-0074,navy-blue-acid-wash-t-shirt-1,11027260408001,50427315257537,490551181505|471435739329|470701048001|293003460801|485747097793|474547093697|284518547649|491823464641|487623786689
TONES-COL-0074,elevated-basics-oversized-copy,10746907852993,49324720586945,474547093697|284518547649|491823464641|479232426177|487623786689|474531004609
TONES-COL-0074,anti-perfect-tee-cofee-beige,10751466766529,49337383190721,474547093697|491823464641|489800040641|487623786689|474531004609
TONES-COL-0074,storm-weaver-relaxed-fit-coffee-beige,10751062704321,49337392464065,474547093697|491823464641|489800040641|487623786689|474531004609
TONES-COL-0074,3-t-shirt-combo,10835797606593,49616978477249,474547093697|284518547649|489800040641|487623786689|474531004609
TONES-COL-0074,round-neck-slim-fit-tee-brown,10835786858689,49616970809537,474547093697|284518547649|491823464641|489800040641|487623786689|474531004609
TONES-COL-0074,round-neck-slim-fit-tee-charcoal-copy,10835786006721,49616968548545,474547093697|284518547649|491823464641|489800040641|487623786689|474531004609
TONES-COL-0074,round-neck-slim-fit-tee-charcoal,10835785744577,49616967893185,474547093697|284518547649|491823464641|489800040641|487623786689|474531004609
TONES-COL-0074,gods-master-piece-white-copy,10814172692673,49547127521473,490862379201|474547093697|491823464641|489800040641|487623786689|474531004609
TONES-COL-0074,predator-tee-relaxed-fit-green,10751065522369,49337391513793,474547093697|491823464641|489800040641|487623786689|474531004609
TONES-COL-0074,elevated-basics-oversized-copy-copy,10746909589697,49324716523713,474547093697|284518547649|491823464641|479232426177|487623786689|474531004609
TONES-COL-0074,round-neck-slim-fit-tee-white-copy,10705727258817,49201863295169,479397216449|292796661953|474547093697|284518547649|491823464641|489800040641|479232426177|487623786689|474531004609
TONES-COL-0074,round-neck-slim-fit-tee-navy-blue-copy,10705722310849,49201868865729,479397216449|292796661953|474547093697|284518547649|491823464641|489800040641|479232426177|487623786689|474531004609
TONES-COL-0074,tones-original-black,10547296174273,48606816534721,479542378689|490862379201|473433669825|473433571521|474547093697|491823464641|474531004609|293299388609|477701308609|475876458689
TONES-COL-0074,rustic-brown-acid-wash-t-shirt,11027259588801,50427312111809,490551181505|471435739329|470701048001|293003460801|485747097793|474547093697|284518547649|491823464641|489800040641|487623786689
TONES-COL-0074,navy-blue-acid-wash-t-shirt-2,11027260997825,50427320860865,490551181505|471435739329|470701048001|293003460801|485747097793|474547093697|284518547649|491823464641|487623786689
TONES-COL-0074,the-alpha-oversized-tee,11051699667137,50525600710849,471435739329|470701048001|483744415937|293003460801|485747097793|474547093697|284518547649|491823464641|491635343553|474531004609
TONES-COL-0074,the-alpha-oversized-tee-copy,11051705925825,50525615587521,471435739329|470701048001|483744415937|293003460801|485747097793|474547093697|284518547649|491823464641|491635343553|474531004609
TONES-COL-0074,the-final-act-oversized-tee-copy,11051711365313,50525626335425,471435739329|470701048001|483744415937|293003460801|485747097793|474547093697|284518547649|491823464641|491635343553|474531004609
TONES-COL-0075,tones-original-black,10547296174273,48606816534721,479542378689|490862379201|473433669825|473433571521|474547093697|491823464641|474531004609|293299388609|477701308609|475876458689
TONES-COL-0076,the-final-act-oversized-tee-copy,11051711365313,50525626335425,471435739329|470701048001|483744415937|293003460801|485747097793|474547093697|284518547649|491823464641|491635343553|474531004609
TONES-COL-0076,the-alpha-oversized-tee-copy,11051705925825,50525615587521,471435739329|470701048001|483744415937|293003460801|485747097793|474547093697|284518547649|491823464641|491635343553|474531004609
TONES-COL-0076,the-alpha-oversized-tee,11051699667137,50525600710849,471435739329|470701048001|483744415937|293003460801|485747097793|474547093697|284518547649|491823464641|491635343553|474531004609
TONES-COL-0076,navy-blue-acid-wash-t-shirt-2,11027260997825,50427320860865,490551181505|471435739329|470701048001|293003460801|485747097793|474547093697|284518547649|491823464641|487623786689
TONES-COL-0076,navy-blue-acid-wash-t-shirt-1,11027260408001,50427315257537,490551181505|471435739329|470701048001|293003460801|485747097793|474547093697|284518547649|491823464641|487623786689
TONES-COL-0076,rustic-brown-acid-wash-t-shirt,11027259588801,50427312111809,490551181505|471435739329|470701048001|293003460801|485747097793|474547093697|284518547649|491823464641|489800040641|487623786689
TONES-COL-0076,acid-wash-muscle-tee,10984163705025,50255244099777,492303712449|293003460801|474547093697|284518547649|491823464641|487623786689|474531004609
TONES-COL-0076,3-t-shirt-combo,10835797606593,49616978477249,474547093697|284518547649|489800040641|487623786689|474531004609
TONES-COL-0076,round-neck-slim-fit-tee-brown,10835786858689,49616970809537,474547093697|284518547649|491823464641|489800040641|487623786689|474531004609
TONES-COL-0076,round-neck-slim-fit-tee-charcoal-copy,10835786006721,49616968548545,474547093697|284518547649|491823464641|489800040641|487623786689|474531004609
TONES-COL-0076,round-neck-slim-fit-tee-charcoal,10835785744577,49616967893185,474547093697|284518547649|491823464641|489800040641|487623786689|474531004609
TONES-COL-0076,elevated-basics-oversized-copy-copy,10746909589697,49324716523713,474547093697|284518547649|491823464641|479232426177|487623786689|474531004609
TONES-COL-0076,elevated-basics-oversized-copy,10746907852993,49324720586945,474547093697|284518547649|491823464641|479232426177|487623786689|474531004609
TONES-COL-0076,elivated-basics-oversized,10746495533249,49324723339457,474547093697|284518547649|491823464641|479232426177|487623786689|474531004609
TONES-COL-0076,round-neck-slim-fit-tee-white-copy,10705727258817,49201863295169,479397216449|292796661953|474547093697|284518547649|491823464641|489800040641|479232426177|487623786689|474531004609
TONES-COL-0076,round-neck-slim-fit-tee-navy-blue-copy,10705722310849,49201868865729,479397216449|292796661953|474547093697|284518547649|491823464641|489800040641|479232426177|487623786689|474531004609
TONES-COL-0080,tones-original-black,10547296174273,48606816534721,479542378689|490862379201|473433669825|473433571521|474547093697|491823464641|474531004609|293299388609|477701308609|475876458689
TONES-COL-0080,chaotic-good-pink-1,10582331523265,48697839583425,479397216449|475043758273|474423492801|479542378689|491823464641|474531004609|293299388609|477701308609
TONES-COL-0080,round-neck-slim-fit-tee-white-copy,10705727258817,49201863295169,479397216449|292796661953|474547093697|284518547649|491823464641|489800040641|479232426177|487623786689|474531004609
TONES-COL-0080,anti-perfect-tee-cofee-beige,10751466766529,49337383190721,474547093697|491823464641|489800040641|487623786689|474531004609
TONES-COL-0080,daily-tees-orange,10481367548097,48436801831105,479397216449|471435739329|491823464641|489800040641|487623786689|474531004609|293299388609
TONES-COL-0080,gods-master-piece-white-copy,10814172692673,49547127521473,490862379201|474547093697|491823464641|489800040641|487623786689|474531004609
TONES-COL-0080,tones-embroidery-cap-brown,10751687983297,49337387385025,474649919681|490862379201|293150261441|491823464641
TONES-COL-0080,predator-tee-relaxed-fit-green,10751065522369,49337391513793,474547093697|491823464641|489800040641|487623786689|474531004609
TONES-COL-0080,storm-weaver-relaxed-fit-coffee-beige,10751062704321,49337392464065,474547093697|491823464641|489800040641|487623786689|474531004609
TONES-COL-0080,navy-blue-courdury-shacket,10907446378689,49963381555393,479128486081|486469140673|293003460801|485747097793|288566313153|284518514881|483538763969|491823464641|487623786689
TONES-COL-0080,white-bloom-shirt,10826100211905,49581698482369,483744415937|293003460801|490862379201|284518514881|491823464641|487623786689
TONES-COL-0080,maroon-courdry-shacket-copy,10907453161665,49963396825281,479128486081|486469140673|293003460801|485747097793|288566313153|284518514881|483538763969|491823464641|487623786689
TONES-COL-0080,navy-blue-shirt,11040950124737,50484131266753,491790762177|293003460801|485747097793|288566313153|284518514881|483538763969|491823464641|491332731073
TONES-COL-0080,round-neck-slim-fit-tee-navy-blue-copy,10705722310849,49201868865729,479397216449|292796661953|474547093697|284518547649|491823464641|489800040641|479232426177|487623786689|474531004609
TONES-COL-0080,burgundy-satin-shirt,11040949436609,50484129530049,491790762177|293003460801|485747097793|288566313153|284518514881|483538763969|491823464641|491332731073
TONES-COL-0080,the-final-act-oversized-tee-copy,11051711365313,50525626335425,471435739329|470701048001|483744415937|293003460801|485747097793|474547093697|284518547649|491823464641|491635343553|474531004609
TONES-COL-0080,jet-black-shirt,11040950452417,50484132675777,491790762177|293003460801|485747097793|288566313153|284518514881|483538763969|491823464641|491332731073
TONES-COL-0080,soft-white-satin-shirt,11040948256961,50484126744769,491790762177|293003460801|485747097793|288566313153|284518514881|483538763969|491823464641|491332731073
TONES-COL-0080,textured-brown-shirt,10819286991041,49563563753665,288566313153|284518514881|491823464641
TONES-COL-0080,maroon-satin-shirt,10763722424513,49378837659841,490862379201|284518514881|483538763969|491823464641
TONES-COL-0080,daily-tees-black-copy,10481366139073,48436795506881,471435739329|491823464641|489800040641|487623786689|474531004609
TONES-COL-0080,the-alpha-oversized-tee,11051699667137,50525600710849,471435739329|470701048001|483744415937|293003460801|485747097793|474547093697|284518547649|491823464641|491635343553|474531004609
TONES-COL-0080,jute-grey-shirt,10819253895361,49563526299841,284518514881|491823464641
TONES-COL-0080,red-drip-sweatshirt,10802333221057,49513367863489,483744415937|482946384065|490862379201|491823464641
TONES-COL-0080,blue-checks-flanel,10848594067649,49648515088577,486469140673|293003460801|490862379201|284518514881|483538763969|491823464641
TONES-COL-0080,electric-blue-satin-shirt,10763723374785,49378839331009,490862379201|284518514881|483538763969|491823464641
TONES-COL-0080,blue-drip-sweatshirt-copy,10802333286593,49513368715457,483744415937|482946384065|490862379201|491823464641
TONES-COL-0080,jute-light-blue-shirt,10819253240001,49563525087425,288566313153|284518514881|491823464641
TONES-COL-0080,elevated-basics-oversized-copy-copy,10746909589697,49324716523713,474547093697|284518547649|491823464641|479232426177|487623786689|474531004609
TONES-COL-0080,brown-double-pocket-shacket,10852506468545,49663564611777,479128486081|486469140673|293003460801|485747097793|490862379201|288566313153|284518514881|483538763969|491823464641
TONES-COL-0080,dark-blue-checks-flanel,10848595542209,49648543170753,486469140673|293003460801|490862379201|284518514881|483538763969|491823464641
TONES-COL-0080,the-alpha-oversized-tee-copy,11051705925825,50525615587521,471435739329|470701048001|483744415937|293003460801|485747097793|474547093697|284518547649|491823464641|491635343553|474531004609
TONES-COL-0080,grey-chions,10818332098753,49561631097025,476140306625|289775419585|490862379201|491823464641
TONES-COL-0080,scenic-still-ness-sage-green-1,10881197867201,49880939561153,483744415937|485820989633|290105786561|284518514881|284518645953|491823464641
TONES-COL-0080,charcoal-grey-flannel-double-pocket-shirt,10852506239169,49663562481857,479128486081|486469140673|293003460801|490862379201|288566313153|284518514881|483538763969|491823464641
TONES-COL-0080,double-pocket-black-shirt,10820022599873,49565735747777,490862379201|284518514881|491823464641
TONES-COL-0080,grey-checks-flanel,10848605995201,49648585900225,490862379201|284518514881|483538763969|491823464641
TONES-COL-0080,brown-checks-flanel,10848593543361,49648509157569,490862379201|284518514881|483538763969|491823464641
TONES-COL-0080,black-flannel-double-pocket-shirt,10852506075329,49663559205057,479128486081|486469140673|293003460801|288566313153|284518514881|483538763969|491823464641
TONES-COL-0080,dobby-burnt-orange-shirt,10820070703297,49565835624641,490862379201|284518514881|483538763969|491823464641
TONES-COL-0080,petal-trays-teal-blue-short-kurta,10881143406785,49880655659201,483744415937|485820989633|290105786561|284518514881|284518645953|491823464641
TONES-COL-0080,olive-green-chions,10818355888321,49561664684225,476140306625|289775419585|491823464641
TONES-COL-0080,karma-jet-black-shirt,10829636960449,49601271005377,483744415937|293003460801|284518514881|483538763969|491823464641
TONES-COL-0080,elivated-basics-oversized,10746495533249,49324723339457,474547093697|284518547649|491823464641|479232426177|487623786689|474531004609
TONES-COL-0080,soft-white-satin-shirt-copy,11040948879553,50484128284865,491790762177|293003460801|485747097793|288566313153|284518514881|483538763969|491823464641|491332731073
TONES-COL-0080,marine-rayon,10826103390401,49581717422273,293003460801|284518514881|483538763969|491823464641|487623786689
TONES-COL-0080,navy-blue-acid-wash-t-shirt-2,11027260997825,50427320860865,490551181505|471435739329|470701048001|293003460801|485747097793|474547093697|284518547649|491823464641|487623786689
TONES-COL-0080,dark-brown-chions,10818352152769,49561659179201,476140306625|289775419585|490862379201|491823464641
TONES-COL-0080,olive-green-cargos,10897643536577,49934144078017,476140306625|473433604289|293003460801|485747097793|289775419585|491823464641
TONES-COL-0080,round-neck-slim-fit-tee-brown,10835786858689,49616970809537,474547093697|284518547649|491823464641|489800040641|487623786689|474531004609
TONES-COL-0081,ivory-sand-modal-shirt,11012841373889,50382586740929,489879994561|293003460801|485747097793|284518514881|483538763969|491823464641|489910337729|487623786689
TONES-COL-0082,jet-black-shirt,11040950452417,50484132675777,491790762177|293003460801|485747097793|288566313153|284518514881|483538763969|491823464641|491332731073
TONES-COL-0082,navy-blue-shirt,11040950124737,50484131266753,491790762177|293003460801|485747097793|288566313153|284518514881|483538763969|491823464641|491332731073
TONES-COL-0082,soft-white-satin-shirt,11040948256961,50484126744769,491790762177|293003460801|485747097793|288566313153|284518514881|483538763969|491823464641|491332731073
TONES-COL-0082,soft-white-satin-shirt-copy,11040948879553,50484128284865,491790762177|293003460801|485747097793|288566313153|284518514881|483538763969|491823464641|491332731073
TONES-COL-0082,burgundy-satin-shirt,11040949436609,50484129530049,491790762177|293003460801|485747097793|288566313153|284518514881|483538763969|491823464641|491332731073
TONES-COL-0083,deep-sage-gauze-cotton-shirt-copy,11079219511489,50606631518401,293003460801|485747097793|288566313153|284518514881|483538763969|492225069249
TONES-COL-0083,yellow-oxford-shirt,11079248609473,50606712094913,293003460801|485747097793|288566313153|284518514881|483538763969|492225069249
TONES-COL-0083,pink-oxford-shirt,11079248969921,50606712914113,293003460801|485747097793|288566313153|284518514881|483538763969|492225069249
TONES-COL-0083,blue-oxford-shirt-copy,11079247167681,50606710227137,293003460801|485747097793|288566313153|284518514881|483538763969|492225069249
TONES-COL-0084,the-alpha-oversized-tee,11051699667137,50525600710849,471435739329|470701048001|483744415937|293003460801|485747097793|474547093697|284518547649|491823464641|491635343553|474531004609
TONES-COL-0084,the-alpha-oversized-tee-copy,11051705925825,50525615587521,471435739329|470701048001|483744415937|293003460801|485747097793|474547093697|284518547649|491823464641|491635343553|474531004609
TONES-COL-0084,the-final-act-oversized-tee-copy,11051711365313,50525626335425,471435739329|470701048001|483744415937|293003460801|485747097793|474547093697|284518547649|491823464641|491635343553|474531004609
TONES-COL-0090,3-t-shirt-combo,10835797606593,49616978477249,474547093697|284518547649|489800040641|487623786689|474531004609
TONES-COL-0090,round-neck-slim-fit-tee-white-copy,10705727258817,49201863295169,479397216449|292796661953|474547093697|284518547649|491823464641|489800040641|479232426177|487623786689|474531004609
TONES-COL-0090,anti-perfect-tee-cofee-beige,10751466766529,49337383190721,474547093697|491823464641|489800040641|487623786689|474531004609
TONES-COL-0090,daily-tees-orange,10481367548097,48436801831105,479397216449|471435739329|491823464641|489800040641|487623786689|474531004609|293299388609
TONES-COL-0090,gods-master-piece-white-copy,10814172692673,49547127521473,490862379201|474547093697|491823464641|489800040641|487623786689|474531004609
TONES-COL-0090,predator-tee-relaxed-fit-green,10751065522369,49337391513793,474547093697|491823464641|489800040641|487623786689|474531004609
TONES-COL-0090,storm-weaver-relaxed-fit-coffee-beige,10751062704321,49337392464065,474547093697|491823464641|489800040641|487623786689|474531004609
TONES-COL-0090,round-neck-slim-fit-tee-navy-blue-copy,10705722310849,49201868865729,479397216449|292796661953|474547093697|284518547649|491823464641|489800040641|479232426177|487623786689|474531004609
TONES-COL-0090,daily-tees-black-copy,10481366139073,48436795506881,471435739329|491823464641|489800040641|487623786689|474531004609
TONES-COL-0090,round-neck-slim-fit-tee-brown,10835786858689,49616970809537,474547093697|284518547649|491823464641|489800040641|487623786689|474531004609
TONES-COL-0090,rustic-brown-acid-wash-t-shirt,11027259588801,50427312111809,490551181505|471435739329|470701048001|293003460801|485747097793|474547093697|284518547649|491823464641|489800040641|487623786689
TONES-COL-0090,round-neck-slim-fit-tee-charcoal,10835785744577,49616967893185,474547093697|284518547649|491823464641|489800040641|487623786689|474531004609
TONES-COL-0090,round-neck-slim-fit-tee-charcoal-copy,10835786006721,49616968548545,474547093697|284518547649|491823464641|489800040641|487623786689|474531004609
TONES-COL-0091,navy-blue-acid-wash-t-shirt-1,11027260408001,50427315257537,490551181505|471435739329|470701048001|293003460801|485747097793|474547093697|284518547649|491823464641|487623786689
TONES-COL-0091,ivory-sand-modal-shirt,11012841373889,50382586740929,489879994561|293003460801|485747097793|284518514881|483538763969|491823464641|489910337729|487623786689
TONES-COL-0091,acid-wash-muscle-tee,10984163705025,50255244099777,492303712449|293003460801|474547093697|284518547649|491823464641|487623786689|474531004609
TONES-COL-0091,navy-blue-acid-wash-t-shirt-2,11027260997825,50427320860865,490551181505|471435739329|470701048001|293003460801|485747097793|474547093697|284518547649|491823464641|487623786689
TONES-COL-0091,rustic-brown-acid-wash-t-shirt,11027259588801,50427312111809,490551181505|471435739329|470701048001|293003460801|485747097793|474547093697|284518547649|491823464641|489800040641|487623786689
TONES-COL-0091,elevated-basics-oversized-copy-copy,10746909589697,49324716523713,474547093697|284518547649|491823464641|479232426177|487623786689|474531004609
TONES-COL-0091,round-neck-slim-fit-tee-navy-blue-copy,10705722310849,49201868865729,479397216449|292796661953|474547093697|284518547649|491823464641|489800040641|479232426177|487623786689|474531004609
TONES-COL-0091,maroon-courdry-shacket-copy,10907453161665,49963396825281,479128486081|486469140673|293003460801|485747097793|288566313153|284518514881|483538763969|491823464641|487623786689
TONES-COL-0091,navy-blue-courdury-shacket,10907446378689,49963381555393,479128486081|486469140673|293003460801|485747097793|288566313153|284518514881|483538763969|491823464641|487623786689
TONES-COL-0091,3-t-shirt-combo,10835797606593,49616978477249,474547093697|284518547649|489800040641|487623786689|474531004609
TONES-COL-0091,tropic-rayon,10826102374593,49581711032513,293003460801|284518514881|483538763969|491823464641|487623786689
TONES-COL-0091,sage-rayon,10826100539585,49581700153537,293003460801|284518514881|483538763969|491823464641|487623786689
TONES-COL-0091,marine-rayon,10826103390401,49581717422273,293003460801|284518514881|483538763969|491823464641|487623786689
TONES-COL-0091,gods-master-piece-white-copy,10814172692673,49547127521473,490862379201|474547093697|491823464641|489800040641|487623786689|474531004609
TONES-COL-0091,elivated-basics-oversized,10746495533249,49324723339457,474547093697|284518547649|491823464641|479232426177|487623786689|474531004609
TONES-COL-0091,round-neck-slim-fit-tee-brown,10835786858689,49616970809537,474547093697|284518547649|491823464641|489800040641|487623786689|474531004609
TONES-COL-0091,round-neck-slim-fit-tee-charcoal-copy,10835786006721,49616968548545,474547093697|284518547649|491823464641|489800040641|487623786689|474531004609
TONES-COL-0091,round-neck-slim-fit-tee-charcoal,10835785744577,49616967893185,474547093697|284518547649|491823464641|489800040641|487623786689|474531004609
TONES-COL-0091,anti-perfect-tee-cofee-beige,10751466766529,49337383190721,474547093697|491823464641|489800040641|487623786689|474531004609
TONES-COL-0091,predator-tee-relaxed-fit-green,10751065522369,49337391513793,474547093697|491823464641|489800040641|487623786689|474531004609
TONES-COL-0091,storm-weaver-relaxed-fit-coffee-beige,10751062704321,49337392464065,474547093697|491823464641|489800040641|487623786689|474531004609
TONES-COL-0091,elevated-basics-oversized-copy,10746907852993,49324720586945,474547093697|284518547649|491823464641|479232426177|487623786689|474531004609
TONES-COL-0091,round-neck-slim-fit-tee-white-copy,10705727258817,49201863295169,479397216449|292796661953|474547093697|284518547649|491823464641|489800040641|479232426177|487623786689|474531004609
TONES-COL-0091,white-bloom-shirt,10826100211905,49581698482369,483744415937|293003460801|490862379201|284518514881|491823464641|487623786689
TONES-COL-0091,daily-tees-black-copy,10481366139073,48436795506881,471435739329|491823464641|489800040641|487623786689|474531004609
TONES-COL-0091,daily-tees-orange,10481367548097,48436801831105,479397216449|471435739329|491823464641|489800040641|487623786689|474531004609|293299388609
TONES-COL-0092,chaotic-good-pink-1,10582331523265,48697839583425,479397216449|475043758273|474423492801|479542378689|491823464641|474531004609|293299388609|477701308609
TONES-COL-0092,tones-original-black,10547296174273,48606816534721,479542378689|490862379201|473433669825|473433571521|474547093697|491823464641|474531004609|293299388609|477701308609|475876458689
TONES-COL-0092,daily-tees-orange,10481367548097,48436801831105,479397216449|471435739329|491823464641|489800040641|487623786689|474531004609|293299388609
TONES-COL-0094,tones-original-black,10547296174273,48606816534721,479542378689|490862379201|473433669825|473433571521|474547093697|491823464641|474531004609|293299388609|477701308609|475876458689
TONES-COL-0094,chaotic-good-pink-1,10582331523265,48697839583425,479397216449|475043758273|474423492801|479542378689|491823464641|474531004609|293299388609|477701308609
